{"cameraMode":{"drawMode":0,"name":"Shaded","section":"Shading Mode"},"sceneLighting":true,"audioPlay":false,"sceneViewState":{"showFog":true,"showMaterialUpdate":false,"showSkybox":true,"showFlares":true,"showImageEffects":true,"showParticleSystems":true},"in2DMode":false,"pivot":{"x":7.049341678619385,"y":5.576114654541016,"z":-11.222394943237305},"rotation":{"x":0.01468995027244091,"y":-0.0015032259980216623,"z":-0.000021191939595155418,"w":-0.9998878240585327},"size":15.645984649658204,"orthographic":false}